1,"Michael",3672730,99.47314395558618,47.0065
2,"James",3018620,99.52428593198216,52.7275
3,"John",2824490,99.59213875779345,53.292
4,"David",2776720,99.62005531706474,50.2728
5,"Robert",2686660,99.56116516418156,55.7335
6,"William",2239280,99.61058911793076,49.5308
7,"Christopher",1918720,99.52937374916611,38.0584
8,"Mary",1781560,0.3002941242506567,64.1218
9,"Joseph",1710160,99.59185105487207,43.5835
10,"Daniel",1643570,99.55584489860486,39.8857
11,"Matthew",1536510,99.6524591444247,33.7522
12,"Richard",1504490,99.59321763521193,57.8817
13,"Thomas",1493910,99.63585490424457,51.354
14,"Jennifer",1404530,0.31998319722611834,43.3872
15,"Charles",1236920,99.47854347896387,53.0363
16,"Anthony",1217930,99.50243445846641,38.0653
17,"Joshua",1197060,99.59734683307437,29.8813
18,"Elizabeth",1148480,0.2857037127333519,42.6837
19,"Andrew",1138710,99.63203976429469,33.6169
20,"Mark",1123080,99.65808312853937,53.2159
21,"Linda",1105600,0.22767637481910274,67.4253
22,"Steven",1079860,99.61754301483525,50.0182
23,"Patricia",1067340,0.2789767084527892,66.084
24,"Kevin",1062780,99.53424038841528,42.9332
25,"Brian",1051570,99.58918569377217,45.0905
26,"Jessica",1024010,0.3338043573793225,34.9721
27,"Jason",986427,99.51004990739305,39.1252
28,"Ryan",947901,97.21500452051427,29.9779
29,"Timothy",930638,99.5726587566809,47.5652
30,"Jacob",921894,99.76092696123415,23.5683
31,"Susan",895187,0.20779010419052107,63.3504
32,"Sarah",891904,0.27162340341561425,36.2471
33,"Lisa",890520,0.27556820733953197,53.2656
34,"Barbara",858431,0.2274871247659975,69.591
35,"Ashley",852525,1.5412333949151051,30.5415
36,"Nicholas",845722,99.65638826943133,30.3313
37,"Jeffrey",842116,99.61667988733144,50.5806
38,"Paul",840309,99.5820585046691,54.7654
39,"Karen",821026,0.2653874542340925,60.2883
40,"Jonathan",818012,99.57726781514208,32.0858
41,"Eric",808217,99.49456643450955,41.2377
42,"Kenneth",807849,99.54174604412458,55.3521
43,"Emily",806801,0.19783688914614636,26.3776
44,"Kimberly",798327,0.4540407627450907,45.3158
45,"Michelle",770376,0.385254732753876,45.1945
46,"Justin",758069,99.51284117936494,31.6098
47,"Amanda",750661,0.27000203820366314,36.455
48,"Brandon",745965,99.46069855824335,29.7274
49,"Melissa",722730,0.3212416808490031,42.8285
50,"Benjamin",706654,99.69051332052177,27.6904
51,"Stephanie",704597,0.3494820443459169,40.549
52,"Ronald",683870,99.57857487534181,61.5349
53,"Donald",683762,99.55569335529029,62.1152
54,"Sandra",676056,0.28321322493994583,63.7502
55,"Scott",671235,99.64021542380836,50.5181
56,"Alexander",665583,99.35620350880356,23.4321
57,"Nancy",664841,0.2582000809216038,65.5793
58,"Stephen",664826,99.62456341960151,51.3532
59,"Rebecca",654895,0.26771314485528214,45.7325
60,"Amy",644168,0.2603637560387973,44.3578
61,"Gary",629078,99.59194249361765,62.1442
62,"Deborah",622444,0.20840429018514117,63.0961
63,"Samuel",619452,99.6463002783105,30.4295
64,"Laura",616565,0.29673108269201137,48.8387
65,"Angela",612982,0.29910992492438604,46.284
66,"Donna",612154,0.2308765441375863,64.9718
67,"Edward",611679,99.54731158009348,54.8164
68,"Cynthia",606116,0.265820404015073,57.6809
69,"Tyler",601783,97.17007625672377,25.2744
70,"Gregory",592820,99.56192436152627,51.703
71,"Samantha",578246,0.20082283318864289,27.2312
72,"Nicole",577012,0.32153230782028797,36.0302
73,"George",567478,99.31274868805487,56.2893
74,"Aaron",563405,99.26819960774222,31.3812
75,"Patrick",561095,99.56798759568343,44.5449
76,"Sharon",559025,0.3672858995572648,64.9232
77,"Emma",547296,0.14512092176811087,18.9111
78,"Carol",544615,0.5379341369591363,69.3486
79,"Adam",535595,99.63274489119577,32.7005
80,"Nathan",534444,99.69145504486906,27.3793
81,"Zachary",534308,99.71963736271962,26.4297
82,"Larry",523262,99.48018392315895,63.1541
83,"Kathleen",521248,0.2115768309902388,61.5088
84,"Jose",516685,99.32066926657441,32.2712
85,"Olivia",516277,0.13336658421738717,16.362
86,"Jordan",516143,74.28793958263505,23.5802
87,"Kelly",515393,13.059180081995683,45.4671
88,"Rachel",509036,0.28632356061260894,35.6348
89,"Brenda",506666,0.3362274160887054,59.9949
90,"Heather",505702,0.2735682279287011,41.7148
91,"Pamela",503674,0.21831780079972363,61.066
92,"Margaret",498095,0.2298537427599153,60.0017
93,"Katherine",484122,0.2568712018871276,40.5112
94,"Noah",477895,99.16864583224348,13.8665
95,"Kyle",471384,98.24707669331161,31.3813
96,"Debra",470609,0.19339600390132786,63.0904
97,"Christine",469332,0.3208986389165878,54.2244
98,"Maria",466055,0.6716717983928935,42.8595
99,"Lauren",465708,0.7357636115334073,30.5424
100,"Ethan",464572,99.84243561816038,16.3402
101,"Victoria",461357,0.22559319572478578,32.247
102,"Julie",458782,0.2717913954775907,51.8258
103,"Christian",448620,95.72288350942891,23.1979
104,"Christina",446170,0.41780711388035957,41.3606
105,"Anna",441225,0.2447209473624568,37.8482
106,"Hannah",434084,0.16127754075248107,22.1273
107,"Megan",430557,0.24606033579758313,31.9719
108,"Taylor",430189,24.60127990255446,24.2723
109,"Dennis",425105,99.50200538690441,60.562
110,"Jeremy",424077,99.47792499946944,36.0089
111,"Andrea",418680,1.2406754561956626,39.4903
112,"Austin",414804,98.71071638653436,23.1129
113,"Dylan",413694,96.2772000560801,18.6626
114,"Jack",411873,99.73001386349677,34.0308
115,"Madison",411743,1.295495005379569,17.5832
116,"Diane",404403,0.24223064616236772,65.2497
117,"Alexis",402956,16.12322437189172,23.1895
118,"Douglas",402161,99.63994519607819,56.9031
119,"Sean",401599,99.29855403026401,35.482
120,"Logan",398419,92.48228623634917,16.0878
121,"Peter",398235,99.65999974889198,49.329
122,"Abigail",397280,0.16577577527184859,18.0073
123,"Sophia",394370,0.12210512970053504,13.8981
124,"Terry",393187,80.06215871837064,59.8733
125,"Catherine",387810,0.2354108970887806,52.0157
126,"Isabella",385140,0.11449992210624708,12.5949
127,"Jerry",384223,97.72189587817492,61.0119
128,"Janet",375988,0.24207235337298,65.5231
129,"Gabriel",373749,98.23410898758257,20.4326
130,"Raymond",372386,99.48279473449593,54.5223
131,"Carolyn",371798,0.24838622047455874,65.1549
132,"Henry",370718,99.51958092134723,35.0009
133,"Cheryl",368562,0.20656605944183065,62.4266
134,"Amber",364009,0.25708018208341,33.9944
135,"Danielle",362000,0.49701657458563536,34.725
136,"Bryan",358239,99.53941363168164,36.7711
137,"Frank",357571,99.49045084752399,57.3549
138,"Sara",354636,0.27445493407324695,37.9894
139,"Brittany",354257,0.2932165066604188,31.5324
140,"Betty",353249,0.2894756956141419,74.5794
141,"Natalie",349390,0.19932138870603053,26.5145
142,"Keith",348182,99.47958251718929,51.3672
143,"Teresa",347110,0.26326294258304284,56.7623
144,"Elijah",344436,99.64260414126281,14.1735
145,"Jacqueline",343099,0.3113183075438868,48.7256
146,"Angel",342556,71.95786966218662,22.8737
147,"Kayla",340101,0.16459375303218748,25.5225
148,"Jamie",336691,23.692941005254077,40.5495
149,"Jesse",334414,96.80455961771935,36.5953
150,"Denise",330197,0.3540946768141443,56.056
151,"Tiffany",329696,0.34201506842667184,36.717
152,"Shannon",328843,14.253184650425887,42.9202
153,"Shirley",327227,0.6293979408789616,72.9623
154,"Cameron",325885,90.64670052319069,20.7075
155,"Mason",325182,99.0180883320725,13.6107
156,"Juan",322308,99.28980974719833,31.6635
157,"Kathryn",320144,0.2356495826877905,48.5623
158,"Ava",319144,0.1010537562980974,12.0159
159,"Crystal",316487,0.3487978969120375,39.6779
160,"Erin",313915,2.793450456333721,36.5558
161,"Shawn",313845,90.32165559432204,41.9943
162,"Julia",313253,0.3091459618902293,36.3304
163,"Liam",313194,99.84610177717326,8.69995
164,"Diana",311208,0.34754890619778406,49.6225
165,"Lori",311104,0.2373495679901255,55.5084
166,"Alyssa",309257,0.13643668534584505,23.4931
167,"Allison",307292,0.5770895434960884,28.5143
168,"Caleb",307278,99.79302130318473,18.2285
169,"Grace",305960,0.18020362138841678,25.7163
170,"Tammy",305847,0.39524010371198665,54.7384
171,"Lucas",304497,99.8325106651297,15.6564
172,"Evelyn",303816,0.25948830871316847,34.5332
173,"Judith",302931,0.224057623683281,69.6055
174,"Charlotte",301334,0.13062249862279066,30.5283
175,"Luke",297160,99.81861623367882,18.5838
176,"Leslie",296017,17.67466057692633,48.0699
177,"Robin",295587,12.30118374624053,55.618
178,"Joyce",292329,0.33067913207379357,69.5065
179,"Isaac",289159,99.75791865375105,18.9759
180,"Cody",285635,98.26631890349572,28.3828
181,"Travis",284964,99.38623826167516,35.9577
182,"Mia",284544,0.1256027187359424,12.826
183,"Tracy",283786,17.887422212512245,51.6575
184,"Bradley",282199,99.36356967955237,40.0215
185,"Janice",282082,0.2394094624967208,67.2389
186,"Kathy",281738,0.20306632403154704,62.3089
187,"Evan",275406,98.3950966936087,21.8162
188,"Alan",274639,99.66283011516937,47.2552
189,"Randy",273910,98.46409404548939,54.4517
190,"Jackson",273710,99.73365971283475,13.7199
191,"Judy",273384,0.24275122172475347,69.0259
192,"Theresa",272525,0.2729966058159802,58.7497
193,"Carlos",272075,99.35054672424883,31.3644
194,"Courtney",272063,7.397918864380676,32.9946
195,"Dorothy",270897,0.2710882734028062,71.8284
196,"Roger",268940,99.58838402617684,61.0015
197,"Luis",268683,99.47372926459805,27.7419
198,"Ann",265847,0.24338623343502086,62.5989
199,"Hunter",264414,94.85957627054543,17.5606
200,"Tina",264379,0.3017055061105458,53.2565
201,"Jayden",263779,91.76507606746557,11.703
202,"Adrian",261667,94.48688600396687,23.1352
203,"Dawn",260025,0.3219675031246995,54.3078
204,"Brianna",258999,0.16399638608643277,21.8181
205,"Vincent",258783,99.60275597701549,38.0751
206,"Bruce",257516,99.639245716771,60.3792
207,"Morgan",256108,14.673223796210975,24.4244
208,"Jasmine",253061,0.4826030087607336,24.1753
209,"Alex",251998,96.30671671997398,27.8693
210,"Vanessa",250703,0.36974547572226896,34.2017
211,"Todd",248266,99.6012341601347,51.2791
212,"Craig",248124,99.63405394077155,53.0367
213,"Aiden",246445,99.1564040658159,10.7754
214,"Nathaniel",246222,99.60685885095563,28.0221
215,"Melanie",244770,0.23486456673611966,36.4413
216,"Joan",243009,2.4033225106889047,71.5338
217,"Ian",242050,99.67899194381327,23.2502
218,"Gloria",240476,0.37531770322194313,64.328
219,"Valerie",240449,0.2485641445795158,44.8713
220,"Martha",239881,0.32466181148152623,64.447
221,"Virginia",239368,0.2616210186825306,64.5806
222,"Victor",239317,99.44132677578274,38.2449
223,"Wendy",238778,0.3542625367496168,51.8622
224,"Alexandra",238054,0.35077041343560705,25.3188
225,"Chloe",236199,0.1443833377787374,14.6958
226,"Carl",236100,99.30326132994493,58.0399
227,"Isaiah",236094,99.71875608867654,16.1508
228,"Joel",235889,99.11992504949362,38.1932
229,"Phillip",233156,99.53207294686818,48.8648
230,"Monica",230628,0.3954957767487035,43.3377
231,"April",230269,0.2693445492011517,42.0099
232,"Cindy",230249,0.2939565426994254,54.6422
233,"Lawrence",230134,99.47248125005432,58.6309
234,"Beverly",229959,0.5448579964254497,68.3594
235,"Ruth",229392,0.28513941201088094,62.3273
236,"Gerald",228635,99.40341592494588,62.1582
237,"Connor",228083,99.27351008185616,17.118
238,"Antonio",227707,99.2718713083041,31.9313
239,"Paula",227673,0.3135589200300431,59.1619
240,"Julian",227318,98.80035896849347,18.1941
241,"Leah",226824,0.19689891722216346,25.9469
242,"Riley",225495,41.542916694383464,15.1635
243,"Erica",225173,0.43162501720899044,36.5552
244,"Chad",224783,99.55690599378066,42.3125
245,"Derek",224466,99.60974045066959,34.4927
246,"Johnny",222551,98.93687289654956,52.2131
247,"Helen",222049,0.27000436840517184,66.0097
248,"Walter",221851,99.40635832157619,57.206
249,"Danny",218870,99.34755791108878,54.8804
250,"Amelia",218561,0.08866220414438075,15.3021
251,"Marcus",218174,99.42797950259884,32.9568
252,"Dana",217860,18.537914256862205,48.3493
253,"Avery",216921,27.37457415372417,12.9726
254,"Ella",216110,0.13462542223867474,20.5909
255,"Jesus",215671,99.0578241859128,27.7309
256,"Willie",215561,85.20650767068254,62.3503
257,"Alicia",214356,0.29495138927765024,38.025
258,"Philip",213982,99.6527745324373,51.9429
259,"Bonnie",213509,0.6227793676144799,64.2948
260,"Alice",213248,0.23477406587635055,54.0057
261,"Kristen",212742,0.9438427766966561,38.412
262,"Russell",212487,99.53503037832903,53.384
263,"Marilyn",212333,0.22806487922273033,67.0648
264,"Jane",211670,0.23650446449662207,61.1554
265,"Owen",210054,99.73435402325116,14.1784
266,"Jeremiah",208889,99.68021293605695,20.757
267,"Arthur",208079,99.374756702983,54.3724
268,"Audrey",207819,0.534787483338867,33.2903
269,"Wayne",206746,99.55355847271531,60.9734
270,"Joe",206563,97.51601206411603,58.938
271,"Jean",206227,7.803148957217047,67.4331
272,"Martin",203906,99.51350131923533,47.3208
273,"Billy",203737,98.62322504012526,58.9768
274,"Connie",203387,1.3304340985412046,64.1391
275,"Michele",201849,1.03533334324173,55.0858
276,"Oliver",201537,99.7682807623414,12.0257
277,"Lillian",201270,0.15865454364783627,29.3161
278,"Dustin",200192,99.33164162404093,34.3382
279,"Rose",199545,0.3130241298955123,55.6944
280,"Jeffery",198635,99.42960706824074,51.0447
281,"Jared",197475,99.62071148246613,30.7032
282,"Carter",197259,95.62757592809453,12.2802
283,"Katie",195959,0.1893156221454488,34.0493
284,"Sebastian",195670,99.80886185925283,12.2315
285,"Blake",195135,91.07387193481435,22.1066
286,"Sheila",194625,0.24386692357096978,60.3593
287,"Brooke",194434,0.8306314739191705,26.4497
288,"Sherry",193817,0.33564238431097376,60.5227
289,"Anne",192995,0.23336511308583124,55.2883
290,"Jimmy",192650,99.26239294056579,55.5523
291,"Caroline",192010,0.12503775845008072,29.3546
292,"Wyatt",191985,99.47235461103732,12.7304
293,"Holly",191803,0.417491384389191,42.915
294,"Bobby",191762,97.07397711746853,57.8777
295,"Tony",190859,98.86984632634562,50.4887
296,"Rodney",190384,99.47527103117909,54.0357
297,"Wesley",187035,98.58101424867004,32.8886
298,"Ricky",186268,99.09861060407584,53.1957
299,"Jill",185918,0.23102496799664368,54.4845
300,"Kim",185590,14.006789158898647,59.6162
301,"Frances",185448,0.7762984772011562,65.9002
302,"Marie",185341,0.4208243184184828,60.7353
303,"Veronica",185208,0.4098521662131225,42.2699
304,"Rhonda",184887,0.2660387155397621,58.1987
305,"Levi",184807,99.31333769824737,14.4949
306,"Shane",184721,98.15451410505574,35.2586
307,"Gavin",184048,99.78809875684604,16.5278
308,"Corey",183707,95.26909698596134,35.4165
309,"Casey",183354,58.66356883405871,33.2552
310,"Troy",182865,98.86801738987778,43.3246
311,"Savannah",182286,0.11693657219973008,17.7941
312,"Theodore",180615,99.72759737563325,31.7346
313,"Curtis",180416,99.26835757360766,50.643
314,"Dale",179415,91.41320402418972,61.3982
315,"Peggy",179181,0.21049218388110347,69.1139
316,"Albert",178782,99.40318376570349,55.8779
317,"Landon",178028,99.375940863235,14.0432
318,"Chase",177603,97.93246735697032,18.7078
319,"Sydney",176855,2.626383195272964,21.7555
320,"Lynn",176723,15.50267933432547,62.2522
321,"Roy",175053,99.33620103625759,58.8257
322,"Hailey",174856,0.14576508669991306,16.7358
323,"Miguel",174802,99.45652795734603,27.6134
324,"Stacy",173006,10.684427129694924,46.7207
325,"Louis",172501,99.34956898800587,51.6796
326,"Kristin",172481,0.8777430557568661,42.126
327,"Suzanne",172469,0.2139700467910175,60.2762
328,"Allen",171112,99.36415914722521,50.7979
329,"Dominic",170688,99.30047806524185,20.2644
330,"Harold",169618,99.45760473534648,63.9918
331,"Tara",168507,0.300008308260191,41.338
332,"Devin",168055,89.85451191574188,25.5407
333,"Lee",167900,75.72304943418702,55.3392
334,"Sofia",167264,0.10227066194757987,11.8144
335,"Carrie",166750,0.3148209895052474,49.6995
336,"Wanda",164898,0.3087508641705782,67.0715
337,"Renee",164868,0.8618895116092875,51.2737
338,"Kaitlyn",164103,0.13835822623596158,22.5849
339,"Lily",163942,0.08199241195056788,14.0698
340,"Claire",163889,0.2725857135012112,25.4371
341,"Debbie",163800,0.21488400488400491,61.2272
342,"Steve",163406,99.5863065003733,58.2659
343,"Cassandra",163113,0.2156787012684458,36.106
344,"Chelsea",159680,0.24572332164328656,29.1306
345,"Lindsey",158478,2.988484206009667,32.8035
346,"Molly",158351,0.21860613447341665,29.7971
347,"Haley",157106,0.4354607717082734,24.1211
348,"Seth",156539,99.6914506927986,28.2486
349,"Randall",156301,99.3416548838459,55.0754
350,"Trevor",155545,99.62004564595455,27.6273
351,"Ellen",155218,0.20711322140473395,59.5178
352,"Madeline",153655,0.12025706940874037,24.9742
353,"Ruby",153252,0.605145120455198,40.153
354,"Addison",152460,7.134002361275088,12.3531
355,"Elaine",152366,0.1917534095533124,62.9226
356,"Kelsey",151898,3.067360992244796,27.6881
357,"Stacey",151421,7.999154674714867,47.2785
358,"Xavier",151151,99.44823388531998,17.2038
359,"Gail",150920,1.932003710575139,67.9301
360,"Brett",150605,97.83805318548521,39.1193
361,"Shelby",150078,7.275616679326751,30.3074
362,"Destiny",149414,0.34470464615096313,21.0528
363,"Zoe",148167,0.3700668839890124,14.5928
364,"Erik",147787,99.5655910195078,34.7307
365,"Parker",147427,81.23613720688884,13.2353
366,"Darlene",147378,0.24627488498961853,63.529
367,"Cole",147199,99.63654644392965,18.6404
368,"Phyllis",146975,0.20749447184895387,72.3711
369,"Laurie",146674,0.5420094904345691,58.25
370,"Calvin",146491,99.42453802622687,39.2869
371,"Ralph",146229,99.51787949038837,63.6217
372,"Rita",146042,0.22443886005395708,65.1994
373,"Jenna",145299,0.17086421792304146,26.5176
374,"Mackenzie",144459,5.1717788438242,18.6512
375,"Cathy",143952,0.18302698121596087,62.5744
376,"Colton",143165,99.85960255649077,14.8974
377,"Paige",143127,0.6336575209429387,24.3278
378,"Aubrey",143050,10.943656064313178,17.3284
379,"Jay",142511,98.78325181915783,49.7853
380,"Anita",142244,0.28207516661511206,60.7545
381,"Gina",142055,0.25836753370173526,48.2178
382,"Glenn",141381,99.29481330588976,59.813
383,"Joanne",140603,0.19135082466234718,65.716
384,"Regina",139449,0.32220740198925774,51.7066
385,"Oscar",139412,99.5064987232089,30.9541
386,"Heidi",139272,0.23744543052444136,42.8371
387,"Mitchell",139103,99.28398381055764,39.8489
388,"Chris",138998,85.76022676585275,52.3523
389,"Eugene",138472,99.24750129990178,61.3603
390,"Autumn",138296,0.2260824608087002,19.8886
391,"Ronnie",138109,95.50210341107386,57.3816
392,"Hayden",137807,77.00044264805126,15.2176
393,"Alejandro",137445,99.39975990396158,23.7384
394,"Mike",137242,99.64442371868671,60.1684
395,"Doris",136763,0.501340274781922,73.2679
396,"Kaylee",136698,0.12702526737772313,16.5013
397,"Eli",136674,99.33930374467711,14.103
398,"Sabrina",136416,0.24024088083509265,33.5152
399,"Frederick",135856,99.48254033682723,54.9566
400,"Derrick",135490,99.30105542844491,38.499
401,"Josiah",135476,99.68186247010541,12.2542
402,"Gabrielle",135427,0.5635368131908703,23.7805
403,"Dean",135357,99.07873253692088,45.6097
404,"Lydia",135269,0.1370158720771204,30.243
405,"Eva",135188,0.24628443352960322,35.482
406,"Manuel",135187,99.37641933026104,37.846
407,"Colleen",135072,0.20580357142857145,53.2622
408,"Beth",134931,0.2087081545382455,56.1845
409,"Jon",134750,99.2534322820037,51.4745
410,"Faith",134456,0.19804396977449867,24.8131
411,"Peyton",134324,37.33085673446294,14.0991
412,"Sylvia",133850,0.3238700037355248,58.1777
413,"Leo",133544,99.52375247109568,25.2097
414,"Brayden",132865,99.2187558800286,12.3962
415,"Carla",132650,0.28087222012815677,52.1201
416,"Ricardo",132340,99.4929726462143,33.2781
417,"Edwin",132265,99.49570937133785,42.9925
418,"Barry",132136,99.5232185021493,59.8002
419,"Katelyn",131977,0.11619600384915553,23.2439
420,"Eleanor",131966,0.08368898049497597,32.7414
421,"Stanley",131648,99.47055785123968,59.9038
422,"Kristina",131390,0.25195905320039574,38.9912
423,"Jorge",130989,99.4907969371474,28.3121
424,"Gabriella",130935,0.05097338374002368,15.4944
425,"Harper",129943,4.459278298946461,6.89722
426,"Terri",129872,0.6065502956757423,58.1708
427,"Lindsay",129845,2.3607301012745965,35.0395
428,"Mario",129753,99.24857228734597,35.0316
429,"Naomi",129705,0.1142384642072395,26.6823
430,"Alexa",129646,0.21519599524860003,18.3955
431,"Carson",129286,94.08830035734728,14.9453
432,"Dakota",128093,69.6551724137931,20.262
433,"Garrett",127917,99.65446344113761,26.7575
434,"Eddie",127657,95.99473589384053,55.2809
435,"Micheal",127104,98.68532854984893,50.44
436,"Cory",126537,95.05124983206493,36.5741
437,"Tristan",126352,94.93003672280614,17.8398
438,"Vicki",126246,0.17396194730922168,64.0598
439,"Bailey",126117,15.481100882513857,19.0886
440,"Colin",125914,99.65611449084295,24.7643
441,"Lucy",125681,0.12234625758865698,28.3558
442,"Annette",124353,0.2746447612844081,58.5704
443,"Brent",124156,99.56989593736911,45.1412
444,"Leonard",124094,99.46331007139749,58.4325
445,"Vivian",123899,0.5107773266935165,40.3055
446,"Marvin",123462,99.30585929273784,54.3263
447,"Sally",123367,0.23770781489377224,64.2008
448,"Melinda",122935,0.24681742384186767,50.698
449,"Micah",122716,89.23204798070341,18.3734
450,"Francisco",122532,99.34547709985962,31.317
451,"Marc",122112,99.59463443396226,46.6742
452,"Nora",121869,0.19563383633245535,25.1175
453,"Tamara",121849,0.31050890856716096,48.2218
454,"Erika",121802,0.42825240964844585,34.6615
455,"Howard",121661,99.49614091615226,62.8215
456,"Brooklyn",121192,1.4336177305432702,12.1923
457,"Bryce",120381,97.17480333275185,21.2476
458,"Andre",120069,98.3642738758547,35.0781
459,"Ivan",119801,99.56845101459922,24.8554
460,"Harry",119478,99.48693483319104,61.0987
461,"Diego",119198,99.80117116058994,16.05
462,"Jo",119192,0.9104050607423317,68.9221
463,"Grayson",119135,96.59294078146641,9.07963
464,"Marissa",118667,0.21963477630680814,27.5384
465,"Tommy",118632,98.52990761346011,55.005
466,"Nolan",118506,99.59158186083405,14.9052
467,"Deanna",118129,0.18545827019614153,48.6222
468,"Kylie",118036,0.3700938696668813,17.4816
469,"Layla",117683,0.08598523151177315,9.93249
470,"Aidan",117589,97.71832399289049,16.4066
471,"Jessie",117527,49.38618360036417,46.4062
472,"Ernest",117306,99.29330128041191,59.1661
473,"Max",116887,99.30360091370298,25.0868
474,"Carmen",116884,6.525178809760105,45.8624
475,"Francis",116613,89.94108718581977,55.986
476,"Darrell",116571,99.21764418251537,54.4867
477,"Grant",116214,99.83048513948405,26.6445
478,"Norma",115986,0.48353508182021965,67.2643
479,"Jackie",115932,39.55922437290826,59.4665
480,"Spencer",115854,95.531444749426,27.1308
481,"Josephine",115678,0.15758225418835042,40.8436
482,"Ariana",114674,0.1707431501473743,15.6248
483,"Maya",114658,0.13987859547523943,14.7639
484,"Jake",114100,99.81858019281333,23.1878
485,"Jaime",113828,57.66665495308712,36.5752
486,"Annie",113267,0.32854759109007925,54.6192
487,"Tonya",113008,0.34810455896927656,49.7161
488,"Miranda",111608,0.16313525912120994,27.7036
489,"Cooper",111305,97.80782534477336,11.3794
490,"Mariah",110978,0.16074266971832255,21.0669
491,"Melvin",110845,99.06716586224007,57.1027
492,"Charlie",110718,72.33900540110912,32.1541
493,"Maureen",110500,0.20777104072398192,62.4981
494,"Alison",110344,0.41944827086203146,36.425
495,"Caitlin",110289,0.24780531149978693,28.796
496,"Yvonne",109393,0.3583437697110418,60.0058
497,"Tanya",109336,0.33965665471573864,47.1212
498,"Lois",108988,0.5021029838147318,73.2372
499,"Camila",108970,0.09485638249059374,7.97744
500,"Jocelyn",108357,0.3151729929769189,22.5907
501,"Eileen",107777,0.1801748053851935,60.4884
502,"Zoey",107770,0.20536605734434443,9.49618
503,"Joy",107501,1.04550655342741,50.2391
504,"Jaxon",106475,99.63559521014322,8.36749
505,"Makayla",106079,0.1413559705502503,17.2491
506,"Elias",105247,99.79856908035384,13.9906
507,"Brandy",105047,2.04407550905785,39.83
508,"Aaliyah",103912,0.10088728924474556,12.5443
509,"Clayton",103881,99.59376594372407,33.531
510,"Ana",103613,0.544011851794659,29.494
511,"Preston",103247,99.3132972386607,25.0706
512,"Mateo",103152,99.9350473088258,6.67654
513,"Fred",102853,99.44872779598067,65.6099
514,"Eduardo",102841,99.5886854464659,26.2217
515,"Stella",102660,0.07386898499902592,23.9523
516,"Irene",102382,0.31028110410033016,60.2224
517,"Jade",102051,5.386473429951691,18.4416
518,"Joann",101963,0.3305846238341359,65.867
519,"Melody",101876,0.14990576779614434,35.233
520,"Ashton",101871,81.16775137183299,16.2668
521,"Esther",101278,0.2543859475898023,42.7141
522,"Clara",101238,0.1476777494616646,38.0271
523,"Damian",101174,99.67778282958072,17.8306
524,"Claudia",101043,0.501571608127233,47.6874
525,"Isabel",101035,0.9188459444746869,24.0545
526,"Alexandria",100977,0.20710656882260317,24.134
527,"Madelyn",100740,0.04222572960095295,15.6551
528,"Javier",100628,99.52398934690146,27.0789
529,"Skylar",100460,17.623730838144535,13.6184
530,"Arianna",100454,0.07200330499532125,14.6328
531,"Miles",100298,99.68932580908891,16.1608
532,"Maxwell",99941.9,99.32000492286019,17.6625
533,"Angelina",99581.5,0.08071639812615798,24.4365
534,"Whitney",99167.6,4.230141699506694,33.0182
535,"Brandi",99119.7,0.37181609710279595,38.1961
536,"Scarlett",99069.2,0.040148502259027025,8.96517
537,"Omar",98731.4,99.55819526513349,24.4272
538,"Hazel",98578.4,0.6757555407675516,29.6947
539,"Sierra",98498.1,0.26409443430888513,23.5236
540,"Kara",98360,0.2544987799918666,34.1054
541,"Charlene",98091.8,0.2631402420997474,60.2248
542,"Roberto",97978.7,99.31434076998367,35.3292
543,"Gianna",97858.5,0.06692009380891797,10.9638
544,"Joanna",97513,0.29974464943135787,35.4016
545,"Hudson",97401.8,98.25034034278627,7.67066
546,"Bethany",97272.6,0.18056061007930288,31.9676
547,"Tanner",96861.8,97.5002529376906,21.2219
548,"Katrina",96443.1,0.2315862928503957,39.8842
549,"Roberta",96208.4,0.3952814930920793,67.0294
550,"Hector",96204.6,99.52590624564729,32.2758
551,"Lorraine",95735,0.23903588029456313,65.7895
552,"Asher",95641.9,98.6262297173101,7.53411
553,"Ariel",95450.2,21.04144360095631,21.0966
554,"Daisy",95438,0.36039313481003377,28.2539
555,"Jerome",95428.7,99.28973149587074,54.4771
556,"Darren",95281.3,99.4395542462162,42.1283
557,"Kendra",95105.6,0.3508783920189768,32.1198
558,"Norman",95043.9,99.28590893260903,62.9165
559,"Briana",94927,0.21177431078618306,24.6111
560,"Natasha",94749.6,0.28573840944974965,34.7321
561,"Edgar",94677.2,99.55427494687211,33.4824
562,"Meghan",94333.8,0.2297925027932724,32.0559
563,"Kendall",94272.2,32.36701806046746,24.0051
564,"Nevaeh",94126.9,0.4383932754611063,11.3739
565,"Kennedy",93872.4,7.126482331334877,13.2255
566,"Jeanette",93824.9,0.32302405864541295,59.751
567,"Johnathan",93819,99.63791982434262,27.6779
568,"Yolanda",93706.1,0.483486133773575,53.4834
569,"Ruben",93690.7,99.40132798666251,38.0072
570,"Rosa",93422,0.6411583995204555,50.1934
571,"Jeff",93375.1,99.75635902933438,57.7422
572,"Lance",93358.8,99.65016688303619,42.204
573,"Nicolas",93339.5,99.81615500404438,21.3193
574,"Christy",93112.3,1.0545803293442433,47.1977
575,"Marcia",93042.8,0.18316301745003372,65.8767
576,"Fernando",92996.7,99.3903009461626,28.8748
577,"Adriana",92801,0.41983060527365007,24.1296
578,"Violet",92681.2,0.06648683875478523,18.9798
579,"Lincoln",92530,97.96109369934075,9.39595
580,"Jaden",92410.8,85.48481346336142,15.6162
581,"Earl",92371.7,99.1936924404336,62.3117
582,"Vickie",92146.9,0.31194972375630653,63.5562
583,"Brady",91990.7,97.84195576291953,21.2195
584,"Ray",91960.1,98.14104160391301,57.0321
585,"Penelope",91750.8,0.05092849326654372,14.9212
586,"Sadie",91603.7,0.07368326825226493,18.6235
587,"Sophie",91476.5,0.053529157761829545,15.5536
588,"Priscilla",90922.7,0.20225862188430394,45.438
589,"Elena",90530.9,0.09709038571360719,20.6753
590,"Rosemary",90513.8,0.1840316062302102,58.0871
591,"Loretta",90188.4,0.22583835615223244,64.4973
592,"Jeanne",90044.9,0.1779712121397214,65.8675
593,"Leon",89818.7,99.38464929908805,45.3012
594,"Angelica",89706.3,0.34274627311571204,29.5564
595,"Ellie",89461.2,0.38645803991003924,10.4456
596,"Juanita",89434.2,0.3828792564813014,63.9482
597,"Sue",89362.2,0.36488358612478206,68.6636
598,"Devon",89051.4,77.98013282216787,27.6483
599,"Genesis",88816.6,3.7002429725974646,11.9378
600,"Toni",88468.2,1.4821822982721475,51.984
601,"Ezra",88415,95.22739354181982,8.94357
602,"Nina",88046.1,0.16944646043379546,40.1934
603,"Brendan",87921.9,99.63854284313693,27.6714
604,"Ayden",87805.4,97.29139665669766,10.6735
605,"Tracey",87659.6,8.644495297719814,52.0115
606,"Andres",87472.1,99.50624256191402,23.0255
607,"Warren",87373.4,99.46551238706517,50.5388
608,"Clarence",87321.5,99.1897757138849,60.8273
609,"Reginald",87225.3,99.22212935925701,48.4057
610,"Gwendolyn",86806.3,0.2124258262361142,54.2905
611,"Alfred",86664.1,99.35244236079298,58.9517
612,"Summer",86069.6,0.26544331564222445,22.9423
613,"Trinity",85758.4,3.1718875352152094,16.2234
614,"Marlene",85588.4,0.217976968841572,61.3006
615,"Leonardo",85471.7,99.83725607423277,14.1944
616,"Roman",85223.9,99.50295633032519,14.9139
617,"Jace",85202,99.01868500739418,11.1062
618,"Penny",84921.3,0.3028698335988733,57.6386
619,"Kerry",84849.1,47.32802115756089,52.2953
620,"Karla",84649.3,0.3436602547215393,39.6213
621,"Emmanuel",84405.8,99.56614355885496,19.1124
622,"Bridget",84382.6,0.16652129704465135,39.2816
623,"Santiago",84303.2,99.8626386661479,12.6785
624,"Hope",83977.9,0.31967339026100916,31.1361
625,"Aria",83570,0.7728407323202107,6.83584
626,"Felicia",83433.6,0.30955873892532504,43.8367
627,"Kaleb",83320.9,99.76020422247001,16.6031
628,"Gabriela",83014.5,0.43229556282336223,22.7995
629,"Giovanni",82765.7,98.86933838534561,15.1134
630,"Clifford",82762.8,99.27854060036634,58.5923
631,"Louise",82464.8,0.6963225521677128,68.5495
632,"Don",82320.8,99.28645008308956,63.0036
633,"Marsha",82165.6,0.22462685113964967,64.6059
634,"Constance",82085.2,0.20066345699346536,63.7791
635,"Geraldine",81980.7,0.2843144788956425,71.0014
636,"Payton",81631.9,28.912839220941816,15.8619
637,"Jillian",81520.7,0.26755903715252694,27.6507
638,"June",81436.1,1.552063519741245,56.0523
639,"Jenny",81377.9,0.5267253148582108,43.7249
640,"Quinn",81365.5,42.444156307034305,13.5665
641,"Misty",81353.4,0.27257742147224334,43.4068
642,"Drew",81245.2,89.50645699684412,27.9808
643,"Maurice",81149.4,98.597648288219,45.6664
644,"Breanna",81144.7,0.0782673421677571,24.5037
645,"Isabelle",81104.7,0.024390571693132457,16.4731
646,"Brittney",80845.2,0.3152877350788915,31.1213
647,"Abraham",80798.8,99.74801605964444,23.0223
648,"Desiree",80501.4,0.2324617956954786,34.4364
649,"Harrison",80199.2,99.64101886303106,17.5249
650,"Cecilia",79974.1,0.1896088858768026,33.4632
651,"Georgia",79677,0.20915320606950563,45.0881
652,"Jim",79660.8,99.65729693902145,63.9786
653,"Glenda",78929.1,0.2158304098234998,66.4724
654,"Natalia",78581.4,0.05826607823225344,15.2858
655,"Shelly",78580.6,1.4622947648656281,52.5487
656,"Dalton",78522.4,99.49988793006837,23.3201
657,"Andy",78420.5,98.57537251101435,33.5896
658,"Collin",78300.8,99.36194777064857,21.8422
659,"Brody",78028.6,99.64102905857595,12.8469
660,"Jonah",77965.9,99.07767370093849,15.1912
661,"Rafael",77859.7,99.33315951641222,29.3077
662,"Jody",77678.8,35.39833262099826,52.7278
663,"Bryson",77445.8,99.64297612007366,12.3465
664,"Rachael",77242.5,0.2222921319221931,35.1417
665,"Darryl",77129.9,98.73499122908237,52.0144
666,"Candace",77128.3,0.18907975412397265,46.6064
667,"Sergio",76993.6,99.55022235614388,27.2474
668,"Kristine",76855.2,0.216171449687204,50.1861
669,"Pedro",76807.6,99.45291872158482,33.1615
670,"Aurora",76451.9,0.05586898428946828,13.688
671,"Franklin",76077.2,99.35512873765072,49.0042
672,"Marjorie",75844.3,0.13135291643538144,68.2249
673,"Sawyer",75728.5,78.70960074476584,8.89398
674,"Monique",75621.7,0.4631686407472987,40.2569
675,"Everett",75586.6,98.9155485231509,24.7104
676,"Kayden",75404.4,89.48231137705494,9.20895
677,"Leroy",75305.7,99.28000138103756,60.6319
678,"Jodi",75192.3,1.155226000534629,49.6367
679,"Sherri",75119.3,0.20498460448912598,56.7269
680,"Alvin",74993.7,99.2672717841632,52.8666
681,"Bianca",74978.4,0.25137506268471993,25.3219
682,"Bernard",74706.7,99.41625048355772,59.553
683,"Erick",74666.5,99.45531128417697,24.7077
684,"Becky",74649.6,0.16177983539094648,58.0585
685,"Cesar",74572.7,99.58751661130682,24.4859
686,"Dolores",74264.4,0.5172424472560204,73.1142
687,"Bella",74045.8,0.06032887753255417,10.2284
688,"Raul",73595,99.43243426863239,36.3753
689,"Mila",73306,0.11127915859547649,6.29253
690,"Krystal",73265.9,0.24868185608857601,34.1542
691,"Easton",73156.2,98.70728660045218,7.94969
692,"Miriam",72838.5,0.28787934951982813,37.5575
693,"Serenity",72441.8,0.10265026545447518,10.5354
694,"Rebekah",72430.4,0.15623412268881576,31.6342
695,"Luna",72393.7,0.12504306313947208,5.36721
696,"Neil",72295.4,99.63704468057443,49.021
697,"Dominique",72241.5,31.319532401735845,29.717
698,"Meredith",72179.6,2.208851254371041,36.905
699,"Brad",72075.6,99.69434871163057,50.2937
700,"Dianne",72066.6,0.16689007112865042,66.7789
701,"Kristi",71893.4,0.17724019172830888,47.5441
702,"Cheyenne",71750.4,3.515060543216484,22.6314
703,"Bill",71562.3,99.7104620729071,65.9989
704,"Cora",71469.4,0.0703578034795311,26.5579
705,"Arlene",71465.2,0.16848060314670638,64.7878
706,"Kelli",71462.3,0.3905275928706464,44.0527
707,"Kurt",71459.6,99.74461094100722,51.8642
708,"Guadalupe",71190.1,23.66944280173788,38.1277
709,"Marco",71139.1,99.54342970321525,26.9454
710,"Duane",71082.4,99.23440964289331,58.6728
711,"Krista",70818,0.19584427687875963,39.7228
712,"Ezekiel",70373.4,99.93648168199917,10.0128
713,"Valeria",69924.9,0.14754972835141703,18.4736
714,"Reagan",69921.8,10.35705602544557,13.5184
715,"Tom",69588.2,99.69348251571387,63.3777
716,"Rylee",69486.9,7.6328487815689,11.7972
717,"Kate",69378.8,0.10960062728095613,25.6491
718,"Kai",69362.3,88.56612309568742,10.5103
719,"Iris",69199.8,0.5617848606498862,32.7191
720,"Mildred",69115.9,0.25255114959075986,73.7213
721,"Shaun",68973.9,95.79029169004508,38.2361
722,"Caden",68838.9,98.67996147527053,13.7567
723,"Lorenzo",68750.3,99.59840175242871,25.6784
724,"Tyrone",68638,99.05023456394419,46.8147
725,"Jacquelyn",68299.4,0.13555565641865083,49.2795
726,"Liliana",68263.7,0.22226014704740588,14.9263
727,"Gordon",68002.8,99.6556024163711,59.2038
728,"Cristian",67973.9,98.37202220263956,18.907
729,"Mathew",67914.8,99.7038937021091,33.3956
730,"Karl",67874.2,98.85037319040224,52.6194
731,"Kaden",67835.6,98.40658887074042,13.7879
732,"Glen",67820.2,99.21070713445256,58.8878
733,"Edith",67788,0.2264279813536319,57.578
734,"Marion",67679.5,34.14874518872037,64.522
735,"Kristy",67181.8,0.24663078393255314,44.0324
736,"Ivy",67139.8,2.16423045645057,16.6444
737,"Skyler",67006,60.340715756797906,18.6785
738,"Dallas",66814.9,79.51235428025785,26.8654
739,"Sandy",66488.1,9.4130227815203,53.4049
740,"Jada",66438.3,0.37760448416049175,19.7021
741,"Sheryl",66410.5,0.20467395969010924,61.8201
742,"Carole",65982.8,0.14463890589668824,72.8904
743,"Daniela",65757.4,0.24977112842052757,18.6234
744,"Maggie",65719.9,0.07646040240475108,29.402
745,"Jordyn",65542.5,8.682534233512607,14.9688
746,"Shelley",65332.1,1.3663191601065938,55.7829
747,"Armando",65297.2,99.46398926753368,33.8771
748,"Mckenzie",65104.2,3.2348604237514635,17.7861
749,"Clinton",65067.9,99.53740630940909,46.9124
750,"Carly",65026.7,0.2370134114140807,25.1975
751,"Herbert",65001.3,99.3940121197576,63.6785
752,"Dwayne",64965.6,99.34442227886758,48.0567
753,"Elise",64739.4,0.06977312115960296,24.7628
754,"Rick",64631.6,99.81572481572482,58.4585
755,"Gilbert",64631.2,99.4536694351954,54.2931
756,"Belinda",64621,0.19938564862815494,53.6092
757,"Camille",64476.8,0.8056308625738251,31.0727
758,"Israel",64358.5,97.61305810421312,22.9227
759,"Patsy",64306.7,1.7354023764242297,73.3118
760,"Candice",64216.1,0.2298161987414371,41.9992
761,"Tim",64116.6,99.73922509927226,60.0903
762,"Kay",64106.3,1.8408955126095254,68.6765
763,"Gracie",64056.8,0.05128776336001798,22.1875
764,"Lewis",64032.7,99.38703193836899,52.63
765,"Dillon",63790.8,98.51498962232797,23.791
766,"Jaxson",63637.2,99.7921027323641,7.80268
767,"Greg",63486,99.79444286929402,57.5134
768,"Weston",63439.7,99.84504970862095,12.513
769,"Marshall",63348.5,98.65442749236367,39.5123
770,"Ryder",62843,96.58100345304966,8.87897
771,"Axel",62610.9,99.69366356337315,8.82013
772,"Alana",62497.6,0.048005843424387504,22.0573
773,"Cassidy",62459.9,5.619237302653382,20.8041
774,"Jonathon",62438.9,99.64973758346159,32.8513
775,"Juliana",62193,0.07611049475021305,19.8135
776,"Bobbie",61849.1,11.196379575450573,60.6565
777,"Nichole",61840.8,0.28139836483357267,38.2746
778,"Luca",61783.4,97.4884839617114,6.36754
779,"Damon",61689.8,99.5141822473083,35.2823
780,"Johnnie",61606.4,68.86622169125286,62.0131
781,"Damien",61435.7,99.58786178069103,22.0037
782,"Dan",61355.4,99.47616672697106,60.7062
783,"Billie",61320.2,14.337542930388356,61.1341
784,"Eliana",61045.1,0.05934219126514658,9.03703
785,"Braxton",60899.6,98.69293065964308,11.8841
786,"Terrance",60550.3,98.88439859092358,42.875
787,"Kristopher",60360.9,99.52303560748763,33.6133
788,"Mya",60283.5,0.08856370316919222,14.4927
789,"Karina",59997.1,0.40643631108836925,25.0188
790,"Rowan",59872,67.1746392303581,7.8156
791,"Rene",59717.9,68.79411365771402,44.553
792,"Lynda",59695.9,0.12448543367299932,65.0996
793,"Adrienne",59640.2,0.642006566041026,43.0223
794,"Gage",59606.7,99.59132110987522,17.6206
795,"Terrence",59556.8,99.20126668994975,46.4911
796,"Malachi",59464.1,99.54308566008734,12.579
797,"Robyn",59410.5,1.7682732850253742,46.4427
798,"Sonya",59307.1,0.2758337534629075,48.8621
799,"Gene",59190.4,96.62800048656538,63.6973
800,"Lonnie",59158.9,93.80972262837882,57.4754
801,"Abby",59090.2,0.2595591147093765,26.6874
802,"Jan",59018.1,26.348865856406768,61.5235
803,"Bentley",58859.6,94.4850117907699,8.94688
804,"Vernon",58698.2,99.01973143980565,59.6147
805,"Allan",58650,99.70400682011935,51.7658
806,"Sonia",58614,0.4389565632783977,44.4074
807,"Camden",58599.8,93.84468888972317,11.134
808,"Piper",58574.6,0.3548415183372998,10.7909
809,"Angelo",58544.7,98.86906927527171,31.8374
810,"Silas",58459.2,99.73434463694339,11.5978
811,"Lloyd",58271.6,99.42665037513987,60.883
812,"Maverick",58192.2,98.93044084946094,5.69529
813,"Bennett",58166.2,96.92312717695157,13.0274
814,"Ramon",58047.7,99.25836854862466,39.6207
815,"Paisley",57992.7,0.1302777763408153,6.81755
816,"Abel",57847.1,99.74812911969659,19.963
817,"Reese",57819.8,28.605771725256744,13.3125
818,"Byron",57744.6,99.5667127315801,44.484
819,"Ross",57626.8,99.51689144634094,44.7213
820,"Lucille",57354.8,0.13116914364621618,53.9403
821,"Kari",57346.2,1.4264955655300615,43.323
822,"Mallory",57304.5,1.3703059969112372,24.9582
823,"Jimmie",57208,86.02608026849393,63.7284
824,"Tabitha",56983.2,0.24143431748304764,34.5351
825,"Julio",56795.9,99.34643169665415,30.7172
826,"Donovan",56791.2,99.62018763470397,23.0407
827,"Felix",56776.4,99.14594796429502,29.5921
828,"Jameson",56742.3,97.96395281826786,9.62487
829,"Wade",56706.7,99.77780403373852,40.6128
830,"Elliott",56621.5,87.45087996609062,19.3672
831,"Delores",56545.3,0.23399469098227435,72.1139
832,"Trenton",56475.7,99.863835242414,22.7187
833,"Kaitlin",56460.8,0.12851553644298344,27.8382
834,"Sidney",56435.9,61.40931570153041,41.6593
835,"Yvette",56368.6,0.29718140950813043,48.4048
836,"Kirk",56243.9,99.67747613518976,52.7343
837,"Edna",56171.2,0.2068462130059532,68.8842
838,"Elliot",55881.2,88.46570939779389,17.2486
839,"Conner",55704.4,98.49634858287676,17.6444
840,"Alma",55605.5,1.493055543066783,50.4105
841,"Emilia",55531.4,0.05917480920704321,10.5939
842,"Beau",55460.9,98.41798456209689,15.5876
843,"Colby",55443.5,92.80384535608322,24.2721
844,"Mikayla",55410.2,0.01960487419283814,19.3051
845,"Greyson",55272,98.60001447387465,7.31359
846,"Alisha",55269.8,0.22530568230751694,33.6594
847,"Delilah",55127.1,0,13.0278
848,"Eden",55029.6,17.410539055344763,12.0997
849,"Alberto",55019.3,99.3609515206482,33.4141
850,"Willow",54985.1,0.7266077537369215,7.8791
851,"Celeste",54951.5,0.07368133717914888,33.9535
852,"Selena",54752.9,0.10202455029779245,23.7257
853,"Pauline",54714.6,0.2330602800714983,67.7926
854,"Josue",54596.3,99.66719356439904,18.6752
855,"Genevieve",54536.1,0.04679102466072932,29.4911
856,"Angie",54456.3,0.21096365342485623,40.7388
857,"Sheri",54407.5,0.18115774479621377,55.9019
858,"Simon",54341,99.73960729467622,23.2937
859,"Myles",54175.4,99.46248666368868,15.481
860,"Joey",54115.6,87.29368241320434,40.9721
861,"Kiara",54028.9,0.3965729452200582,19.761
862,"Valentina",53987.7,0.01286848671086192,10.5155
863,"Emerson",53679,44.76834516291287,12.055
864,"Emmett",53593,99.60144048663072,16.1977
865,"Enrique",53566.9,99.53814762474587,30.3568
866,"Chance",53350.5,97.5323567726638,19.8231
867,"Daryl",53313.1,93.37873805875104,52.4707
868,"Harley",53303.2,45.05845802878626,23.0145
869,"Declan",53148.9,99.30534780588121,8.17119
870,"Roxanne",53046.6,0.09344425467419214,50.0519
871,"Noel",53028.6,74.52846199975109,33.6983
872,"Lilly",52965.6,0.04482116694609332,17.0934
873,"Tessa",52920.7,0.023943560837252718,21.3765
874,"Lacey",52705.1,1.625053362957285,29.611
875,"Janelle",52679.4,0.1556331317365042,35.0193
876,"Alejandra",52313.8,0.9804965420214168,23.8798
877,"Callie",52257.6,0.30234262576161175,21.3995
878,"London",52135.4,18.409314976004787,11.9194
879,"Annabelle",52056,0.019061145689257725,15.443
880,"Zane",51946.8,99.1360391785442,18.7063
881,"Alec",51942.8,99.3612204193844,24.634
882,"Michaela",51929.5,0.1282877747715653,24.5454
883,"Kent",51904.7,99.71544002758903,55.3524
884,"Allyson",51900.7,0.03734496837229556,27.3278
885,"Caitlyn",51821.5,0.06404214466968344,23.1626
886,"Lena",51812.4,0.07320583489666566,38.2856
887,"Gerardo",51551.1,99.54996110655253,27.8659
888,"Kirsten",51406.9,0.3858859413814099,34.8947
889,"Darius",51348.5,99.48294497404987,26.3634
890,"Aimee",51268.9,0.1418154085615256,38.8045
891,"Josie",51235.9,0.7241680150051037,23.3463
892,"Graham",51233.6,99.60221417194967,17.7507
893,"Dwight",51205.8,99.49244030949619,56.6413
894,"Jude",50801.8,94.69192036502643,12.624
895,"Tucker",50752.1,99.25362694351566,13.9231
896,"Kaiden",50521.7,96.9238960684221,9.29249
897,"Dominick",50467.9,99.48997283421738,26.8937
898,"Nelson",50443.2,99.41815745234244,43.5375
899,"Hayley",50258.6,0.0894696629034633,24.7715
900,"Cristina",50029.9,0.5175425095792716,34.8155
901,"Cara",50005.6,0.11798778536803878,36.2028
902,"Frankie",49863.4,61.68211553965433,47.3594
903,"River",49797.7,66.41150093277402,7.05464
904,"Kylee",49662.6,0.9738173192704369,18.055
905,"Rickey",49619.8,98.88512247127153,56.6308
906,"Beatrice",49584.7,0.17298924869969973,56.7687
907,"Perry",49558.1,94.50463193705974,52.9686
908,"Floyd",49554.6,99.21076953501795,62.4212
909,"Marcos",49339.2,99.6903070986153,26.2899
910,"Anastasia",49274.6,0.04529656252917325,19.9771
911,"Sam",49175.8,98.40348301400282,46.3365
912,"Traci",49168.9,0.43497210635177924,49.3445
913,"Gladys",49142.2,0.26552535295530116,67.1239
914,"Julianna",49125.5,0.05204690028600217,18.4652
915,"Eliza",48911.6,0.10237203444581654,17.8549
916,"Arturo",48823.1,99.59691211741983,33.66
917,"Lynne",48734.2,0.46882271587509394,64.793
918,"Amir",48720.1,99.00287560986123,11.0864
919,"Esmeralda",48677.2,0.35531624662059447,24.0769
920,"Trent",48636.1,99.79912040644707,30.6244
921,"Zion",48375.4,85.99536127866642,10.1528
922,"Lana",48357.5,0.01966199658791294,42.3271
923,"Clyde",48350,98.98800413650464,59.6638
924,"Emery",48341.9,23.197267794604677,12.3003
925,"Kellie",48329.6,0.4773658379129974,44.0909
926,"Harvey",48255.4,99.20444136821993,53.3199
927,"Leilani",48087.8,0.05141907094938841,13.4375
928,"Jaclyn",47956.5,0.20468820702094606,35.1152
929,"Giselle",47946,0.08985003962791474,17.294
930,"Kelley",47941,9.614171585907679,46.9477
931,"Guy",47920.3,99.63314086097124,56.475
932,"Vera",47884.6,0.10908726396377957,48.8717
933,"Aubree",47871.5,0.11580418411789896,10.4952
934,"Alfredo",47532.3,99.4479543384183,34.7316
935,"Malik",47493,99.46476322826523,20.1654
936,"Dianna",47452.6,0.10504988135528928,55.8498
937,"Dawson",47400,97.42869198312236,13.7141
938,"Raquel",47315.6,0.5394626719306106,35.1502
939,"Marian",47225.3,0.7617124719165362,63.47
940,"Alaina",47205.1,0.012273419609321875,16.7748
941,"Marisa",47159.6,0.13272525636349758,34.4018
942,"Khloe",47130.7,0.04212010430568611,9.36318
943,"Griffin",47106,98.4921241455441,15.2692
944,"Ashlyn",47043.3,0.11343676995448873,18.4817
945,"Marianne",47023.5,0.07764415664508173,60.4482
946,"Geoffrey",46909.6,99.71455736139298,46.1135
947,"Amari",46846,58.89147419203346,10.1548
948,"Adrianna",46817.4,0.04831793307616399,19.9835
949,"Dante",46799.8,99.03097876486652,21.6134
950,"Roland",46777.5,99.65175565175565,51.0549
951,"Florence",46755.9,0.2747867114096831,68.3178
952,"Stuart",46718.6,99.52117572016286,54.1744
953,"Lucia",46658.9,0.17552621257680742,22.2236
954,"Kelvin",46606.3,99.38699274561593,39.5659
955,"Brooks",46538.1,96.84516557401356,13.1833
956,"Malcolm",46504.7,99.83915604229252,34.4429
957,"Gayle",46238.9,3.921697964268181,67.2749
958,"Athena",46210.4,0,15.625
959,"Aliyah",46177.3,0.09222410145244524,13.116
960,"Donnie",46154.7,93.61083486622165,57.4873
961,"Bryant",45900.9,99.50393129546478,33.5263
962,"Ty",45894.8,98.45799524129094,25.5585
963,"Lane",45885.2,90.98489273229713,21.8887
964,"Tyson",45868.7,99.32524793595633,23.2546
965,"Raven",45798.1,6.8066142481893355,23.1841
966,"Nova",45762.2,5.9865784424699875,6.68233
967,"Vicky",45757.9,0.7147006309293039,58.8648
968,"Julius",45747.2,99.54314143816451,32.7493
969,"Isla",45724.8,0.02617288648610819,5.39361
970,"August",45716.9,87.82179019137342,15.758
971,"Adeline",45634.2,0.02431400134109944,13.4549
972,"Brielle",45403.3,0,9.78035
973,"Ramona",45390,0.29531835205992507,57.3319
974,"Braden",45296.6,99.3962019224401,19.7495
975,"Maddox",45115.5,96.31723022021256,8.70911
976,"Alexia",45036.1,0.09567458105830656,19.6289
977,"Freddie",44943.1,90.9011616911161,59.6748
978,"Jasper",44835.6,97.48570332503637,16.2204
979,"Jayla",44752.6,0.11249469304576717,13.9603
980,"Jasmin",44649.9,1.2741125959968556,24.4075
981,"Lester",44603.7,99.07092909332636,60.2595
982,"Lila",44443.2,0.012482809518666526,26.5178
983,"Nadia",44341.3,0.13415168251720178,22.0373
984,"Kinsley",44329.4,0.45375529558261557,6.44244
985,"Latoya",44313.9,0.39510401928063205,39.8663
986,"Lola",44300.6,0.06153054360437557,33.8811
987,"Rosalie",44245.3,0.05509037118066778,42.71
988,"Kasey",44242.2,26.784156303257976,29.6077
989,"Antoinette",44203.3,0.09906862157350242,54.2896
990,"Emilio",44062.5,99.87381560283688,19.7638
991,"Makenzie",44052.3,0.6697085055717862,15.6918
992,"Waylon",44007.7,99.44350647727558,9.44467
993,"Chandler",43952.4,77.97276144192354,21.0523
994,"Thelma",43813.5,0.3341572802903215,72.9647
995,"Shawna",43610.7,0.22435388562898556,42.1557
996,"Patty",43494.3,0.2005826050769871,65.4033
997,"Jaylen",43426.8,88.66874833052401,14.1885
998,"Delaney",43365.3,2.363779335090498,15.7835
999,"Lillie",43355.1,0.2775106042887688,54.3943
1000,"Milton",43324.5,99.46381377742385,56.9412